2025-11-25_14-26-31,0,draft.py:2025-11-25_14-26-31
2025-11-25_14-45-05,---,draft.py:2025-11-25_14-45-05
2025-11-25_14-45-09,---,draft.py:2025-11-25_14-45-05
2025-11-25_14-45-14,---,draft.py:2025-11-25_14-45-05
2025-11-25_14-45-33,---,draft.py:2025-11-25_14-45-05
2025-11-25_14-46-00,---,draft.py:2025-11-25_14-46-00
2025-11-25_14-48-08,---,draft.py:2025-11-25_14-48-08
2025-11-25_14-51-45,0,draft.py:2025-11-25_14-51-45
2025-11-25_14-51-50,---,draft.py:2025-11-25_14-51-45
2025-11-25_14-54-00,20,draft.py:2025-11-25_14-54-00
2025-11-25_14-55-29,40,draft.py:2025-11-25_14-55-29
2025-11-25_14-56-40,60,draft.py:2025-11-25_14-56-40
2025-11-25_15-26-14,60,draft.py:2025-11-25_14-56-40
