2025-11-25_18-26-34,0,draft.py:2025-11-25_18-26-34
<<<<<<< HEAD
2025-11-29_18-24-21,0,draft.py:2025-11-25_18-26-34
2025-11-29_18-24-21,0,draft.py:2025-11-25_18-26-34
2025-11-30_13-40-24,0,draft.py:2025-11-30_13-40-24
2025-11-30_13-40-24,0,draft.py:2025-11-30_13-40-24
2025-11-30_14-06-53,0,draft.py:2025-11-30_14-06-53
2025-11-30_14-22-27,0,draft.py:2025-11-30_14-22-27
2025-11-30_14-42-59,0,draft.py:2025-11-30_14-42-59
=======
2025-11-26_13-11-05,0,draft.py:2025-11-26_13-11-05
2025-11-26_14-05-21,0,draft.py:2025-11-26_14-05-21
2025-11-26_14-05-21,0,draft.py:2025-11-26_14-05-21
>>>>>>> 311c70093193c69f863a9f3c8df7423a1911f19e
